Cif Cream, Original 500ml
Viakal Limescale Remover Spray 500ml
Flash Ultra Power Spray Cleaner Fresh 500ml
Cif Power & Shine Kitchen Spray 700ml
Windolene Glass & Shiny Surface Cleaner 750ml
Pledge Multi-Surface Polish, Jasmine 250ml
Dettol 2in1 Anti-Bacterial Wipes x15 Wipes
Dettol Antibacterial Surface Cleaning Wipes x110
Juice 2m Juice Extra Long Charge & Sync Lightning Cable Blue
Juice Type C Cable Black
Masterplug 4 Socket 13 amp Individually Switched Extension Lead White 2m
Duracell Ultra Power AA Batteries x4
Duracell Plus Power AAA Batteries x8
Tie Handle Refuse Sacks x20
Drawstring Swing Bin Bags x20
Tall Kitchen Bin Bags 30L x20
Tie Handle Pedal Bin Bags x40
Tie Handle Swing Bin Bags x20
Firelighters x32
Fairy Platinum Lemon Dishwasher Tablets x50
Fairy Platinum Lemon Dishwasher Tablets x27
Fairy Antibacterial Lime & Lemon Washing Up Liquid 383ml
Non Scratch Sponge Scourers x6
Sponge Cloths x4
Kitchen Foil 300mm x10m
Cling Film 350mm x40m
Greaseproof & Baking Paper, Non-Stick 10m
Fairy Non Bio 3in1 Pods for Sensitive Skin Washing Liquid Capsules (55 Washes)
Ariel 3in1 Pods Original Washing Liquid Capsules (55 Washes)
Ariel Washing Liquid Gel Original 888ml (24 Washes)
Surf Washing Liquid, Tropical Lily & Ylang Ylang 875ml (25 Washes)
Comfort Sunshiny Days Fabric Conditioner 1.26L (36 Washes)
Comfort Fabric Conditioner, Pure 1.26L (36 Washes)
Vanish Gold Oxi Action Powder Fabric Stain Remover 470g
Andrex Classic Clean Toilet Tissue 4 Rolls
Super Soft Toilet Tissue, Pure White x4 Rolls
Andrex Classic Clean Toilet Tissue 9 Rolls
Plenty White Kitchen Towel x2 Rolls
Regina XXL Kitchen Towel x2 Rolls
Mansize Facial Tissues, 3 Ply 2x66 Sheets
Super Soft Facial Tissues x2
Kleenex Balsam Tissues 2 Pack
Home Napkins White 33cm 2ply x50
Home Red Lunch Napkins x50
Magnum Ice Cream Classic 4x110ml
Cadbury Flake 99 Ice Cream Cones x4 125ml
Magnum Ice Cream Mint 4x100ml
Magnum Double Raspberry Ice Cream 3x88ml
Mars Ice Cream 4x51ml
Ben & Jerry's Ice Cream Cookie Dough 500ml
Jude's Salted Caramel Ice Cream 460ml
Viennetta Ice Cream Dessert, Vanilla 650ml
Häagen-Dazs Ice Cream Salted Caramel 460ml
Ben & Jerry's Ice Cream Chocolate Fudge Brownie 500ml
Häagen-Dazs Ice Cream Vanilla 460ml
Ben & Jerry's Ice Cream Phish Food 500ml
Häagen-Dazs Ice Cream Belgian Chocolate 460ml
Häagen-Dazs Ice Cream Pralines & Cream 460ml
Häagen-Dazs Ice Cream Strawberry Cheesecake 460ml
Ben & Jerry's Ice Cream Peanut Butter Cup 500ml
Häagen-Dazs Ice Cream Cookies & Cream 460ml
Spanish Chorizo Ring 225g
Italian Milano Salami Slices 86g
German Salami Slices 150g
Pastrami, Taste the Difference 120g
Italian Prosciutto Crudo Slices 70g
British Breaded Wiltshire Cured Ham, Taste the Difference 120g
Corned Beef 200g
Herta Classic Frankfurter Hot Dogs x10 350g
Italian Antipasto Selection 120g
French Charcuterie Selection 80g
Oak Smoked Scottish Salmon, Taste the Difference 100g
Responsibly Sourced Scottish Salmon Fillets x2 240g
Breaded Chunky Cod, Taste the Difference x2 350g
Fishcakes Melting Middle Cod & Parsley Sauce Fishcakes Taste the Difference x2 290g
Tuna Steaks, Taste the Difference x2 240g
British Beef Burgers, Taste the Difference x2 340g
Beef Meatballs, 10% Fat 350g
Chicken Breast Fillets 300g
Chicken Breast Fillet Quick Cook 500g
Free Range Chicken Thigh & Drumsticks, Taste the Difference (approx. 340g)
Outdoor Bred British Pork Chops x2, Taste the Difference
Smoked Streaky Bacon Rashers 300g
Oak Smoked Dry Cured Bacon Lardons, Taste the Difference 160g
Pork & Bramley Apple Sausages, Taste the Difference x6 400g
Cumberland Pork Chipolata Sausages, Taste the Difference 375g
Share Mini Pork Cocktail Sausages x35 252g
Lamb Chops 340g
Bulldog Sensitive Aftershave Balm 100ml
L'Oreal Men Expert Pure Charcoal Purifying Daily Face Wash 100ml
Gillette Fusion5 ProGlide Razor For Men + 3 Blades
Gillette Blue II Plus Slalom Disposable Razors x8
Gillette Mach 3 Razor Blades x4
Gillette Sensitive Skin Shaving Gel 200ml
Gillette Series Sensitive Shaving Gel 200ml
King Of Shaves Alpha Shave Gel, Sensitive 150ml
English Butter, Salted 250g
English Butter, Unsalted 250g
Bertolli Original Spread 500g
Naturli Vegan Block, Organic 200g
Flora Freedom Spread Dairy Free 500g
Happy Egg Large Free Range Eggs x6
British Skimmed Milk 1.13L (2 pint)
British Semi Skimmed Milk 1.13L (2 pint)
British Whole Milk 1.13L (2 pint)
Arla Lactofree Organic Semi Skimmed Milk Drink 1 Litre
Alpro Roasted Almond Unsweetened UHT Drink 1L
Oatly Enriched with Calcium Oat UHT Drink 1L
Alpro Soya Original UHT Drink 1L
Alpro Hazelnut UHT Drink 1L
Chocolate Milkshake 1L
Banana Milkshake 1L
Strawberry Milkshake 1L
Go-Cat Adult Dry Cat Food Chicken And Duck 825g
Go-Cat Adult Dry Cat Food Tuna Herring And Veg 825g
Purina One Adult Dry Cat Food Chicken And Wholegrains 800g
Purina One Adult Dry Cat Food Salmon And Wholegrain 800g
Gourmet Gold Tinned Cat Food Pate With Ocean Fish 85g
Gourmet Solitaire Tinned Cat Food With Beef 85g
Cat Treat Snack Pockets with Cheese 65g
Cat Treat Snack Pockets with Chicken 180g
Bakers Meaty Meals Adult Small Dry Dog Food Beef 1kg
Iams Small to Medium Adult Dry Dog Food 800g
Pedigree Dry Adult 1+ Dog Foodwith Chicken 2.3kg
Pedigree in Jelly Wet Adult 1+ Dog Food Tin Mixed 12x385g
Pedigree Mixer Dry Adult 1+ Medium Dog Food Original 1.5kg
Dental Sticks for Large Dogs x14 540g
Bakers Whirlers Dog Treats Bacon And Cheese 130g
Hayfever & Allergy Loratadine x14
Anti-Diarrhoea Capsules x6
Imodium Original Anti-Diarrhoeal Capsules x6
Rennie Peppermint Heartburn & Indigestion Relief Tablets x72
Gaviscon Double Action Liquid, Mint 300ml
Dulcolax x40
Gaviscon Double Action Tablets Mint Chewable Tablets x24
Heartburn & Indigestion Liquid 500ml
Jakemans Throat & Chest Lozenges x100g
Halls Mentholyptus Original Sugar Free
Sudafed Blocked Nose Spray 15ml
Lemsip Max Cold & Flu Remedy Sachets, Lemon x10
Max Flu Strength Cold Caps x16
Strepsils Lozenges, Honey & Lemon x36
Fisherman's Friends, Original 3x25g
Benylin Chesty Cough Non-Drowsy 150ml
Sudafed Blocked Nose & Sinus Capsules x16
All In One Cough & Cold Sachets x10
Vh2 Premium Soft Earplugs x10
Bioears Soft Silicone Earplugs x6
Otex Express Ear Drops 10ml
Optrex Fresh Eyes Drops 10ml
Optrex Hayfever Eye Drops 10ml
Compeed Blister Plasters x5
Odor-Eaters Foot & Shoe Spray 150ml
Canesten Athlete's Foot Dual Action Cream 30g
Elastoplast Fabric Plasters, Extra Flexible Assorted Strips x40
Germolene Antiseptic Dual Action Cream 55g
Aspirin, Tablets x16
Migraine Relief Ibuprofen x12
Calpol Infant Suspension Sugar Free, Strawberry 100ml
Junior Paracetamol Suspension 100ml
Junior Ibuprofen 100ml
Bazuka Treatment Gel 6g
Bazuka Extra Strength Treatment Gel 6g
Bonjela Antiseptic Pain Relieving Gel 15g
Lypsyl Lip Balm, Original
Bonjela Cool x15g
Paracetamol Capsules x16
Nurofen Ibuprofen 200mg, Tablets x16
Anadin Extra Capsule x16
Nurofen Express Ibuprofen 200mg, Liquid Capsules x16
Durex Thin Feel Condoms x20
Durex Intimate Feel Condoms x12
Durex Thin Feel Condoms x6
Durex Play Feel Lubricant Gel 50 ml
Durex Play Massage 2-in-1 Aloe Vera Lube 200 ml
Durex Real Feel Condoms x12
Healthcare Pregnancy Test x2
Clearblue Advanced Digital Ovulation Test Kit (OPK) x10
Clearblue Rapid Detection Pregnancy Test Kit x2
Healthcare Nicotine Replacement 2mg Gum x96
Nicotine Lozenges, Peppermint 2mg x72
Nicotine Lozenges, Peppermint 4mg x72
Nicorette Icy White Chewing Gum - whitening gum - 2mg, x105 Pieces (stop smoking aid)
Nicorette Fruitfusion Chewing Gum - 2mg, x105 Pieces (stop smoking aid)
Aunt Bessie's Toad In The Hole 190g
Young's Admirals Pie 300g
Linda McCartney Sausage Roll x6 342g
Linda McCartney Cheese, Leeks & Red Onion Plaits x2 340g
Chicken Tikka Masala & Rice 400g
Birds Eye Battered Cod, Chips & Peas 395g
Roast Chicken Dinner 400g
Beef Lasagne 400g
Amy's Kitchen Gluten Free Rice Mac & Cheese
Roast Beef Dinner 400g
Sweet & Sour Chicken With Rice 400g
Goodfella's Stonebaked Thin Pepperoni Pizza 340g
Goodfella's Stonebaked Thin Margherita Pizza 345g
Dr. Oetker Ristorante Mozzarella Pizza 335g
Chicago Town Takeaway Large Stuffed Pepperoni Pizza 645g
Dr. Oetker Ristorante Pollo Pizza 355g
Dr. Oetker Ristorante Funghi Pizza 365g
Dr. Oetker Ristorante Hawaii Pizza 355g
Higgidy Chicken Pot Pie with Leek & Ham Pie 250g
Chicken & Spanish Chorizo Pie, Taste the Difference 250g
Steak & Cornish Ale Pie, Taste the Difference 250g
Roast Chicken & Gravy Family Pie 700g
Quiche Lorraine 400g
Cheese & Onion Quiche 400g
Quiche Lorraine 170g
Broccoli, Tomato & Cheese Quiche 400g
Quiche Lorraine, Taste the Difference 400g
Higgidy Spinach, Feta & Roasted Pepper Quiche 400g
Cheese & Onion Quiche 170g
Broccoli, Tomato & Cheese Quiche 170g
Cottage Pie, Taste the Difference 400g (Serves 1)
Fish Pie, Taste the Difference 400g (Serves 1)
Lasagne, Taste the Difference 400g (Serves 1)
Classics Beef Casserole with Dumplings 400g (Serves 1)
Indian Chicken Tikka Masala with Pilau Rice 400g (Serves 1)
Lamb Moussaka, Taste the Difference 400g (Serves 1)
Beef Stroganoff with Wild Rice, Taste the Difference 400g
Green Vegetable Selection With Mint Butter 260g (Serves 2)
Chicken Chow Mein 400g (Serves 1)
Spinach & Ricotta Cannelloni, Be Good To Yourself 400g (Serves 1)
Spaghetti Bolognese, Taste the Difference 400g
Just Cook Beef Meatballs with Tomato Sauce & Parmesan 550g (Serves 2)
Chicken Tikka Biryani, Be Good To Yourself 400g (Serves 1)
Chilli and Rice, Taste the Difference 400g
Charlie Bigham's Lasagne 690g (Serves 2)
Charlie Bigham's Chicken Tikka Masala 805g (Serves 2)
Charlie Bigham's Fish Pie 655g (Serves 2)
Charlie Bigham's Steak & Ale Pies x2 600g
Charlie Bigham's Macaroni Cheese with Pancetta 670g (Serves 2)
Charlie Bigham's Meatballs Al Forno 650g (Serves 2)
Charlie Bigham's Cottage Pie 650g (Serves 2)
Charlie Bigham's Chilli Con Carne 840g (Serves 2)
Charlie Bigham's Thai Red Curry 835g (Serves 2)
Charlie Bigham's Chicken Jalfrezi 845g (Serves 2)
Charlie Bigham's Lasagne for 1 355g
Charlie Bigham's Macaroni Cheese with Crispy Pancetta for 1 340g
New Covent Garden Classic Chicken Soup 600g
New Covent Garden Potato & Leek Soup 600g
New Covent Garden Slow Roast Tomato Soup 600g
New Covent Garden Vegetable Soup 600g
New Covent Garden Lentil & Smoked Bacon Soup 600g
New Covent Garden Carrot & Coriander Soup 600g
New Covent Garden Wild Mushroom Soup 600g
New Covent Garden Carrot & Butternut Soup 600g
Quorn Vegetarian Lasagne Ready Meal 400g
Quorn Vegetarian Cottage Pie Ready Meal 400g
Quorn Vegetarian Tikka Masala Ready Meal 400g
Cauliflower Cheese, Taste the Difference 400g (Serves 2)
Bottlegreen Elderflower Cordial 500ml
Bottlegreen Ginger & Lemongrass Cordial 500ml
Bottlegreen Pomegranate & Elderflower Cordial 500ml
Tropicana Smooth Orange Juice 950ml
Tropicana Orange Juice Original 950ml
Tropicana Orange Juice with Extra Juicy Bits 950ml
Tropicana Golden Grapefruit Juice 950ml
Tropicana Creations Orange & Lime Juice 850ml
Tropicana Pineapple Juice 850ml
Tropicana Orange & Mango Juice 850ml
Tropicana Multivitamins Fruit Juice 850ml
Tropicana Ruby Breakfast Juice 850ml
Innocent Kids Smoothie Strawberry, Blackberry & Raspberry 4x180ml
Innocent Smoothie Strawberry & Banana 750ml
Innocent Smoothie Mango & Passion Fruit 750ml
Ribena Blackcurrant 500ml
Lipton Ice Tea Peach Flavoured Still Soft Drink 500ml
Diet Coke 8x330ml
Coca-Cola Zero Sugar 8x330ml
Diet Coke Lime 8x330ml
Coca-Cola Original Taste 6x330ml
Schweppes Slimline Lemonade 2L
Schweppes Lemonade 2L
7UP Free Sparkling Lemon & Lime Drink 6x330ml
San Pellegrino Lemon 6x330ml
San Pellegrino Lemon 330ml
Fanta Zero Orange 2L
Fanta Orange 2L
Dr Pepper 2L
Sprite No Sugar 2L
Fanta Fruit Twist 2L
Fanta Icy Lemon 2L
Dr Pepper 500ml
Fanta Fruit Twist Drink 500ml
Fanta Fruit Twist 8x330ml
Dr Pepper 8x330ml
Old Jamaica Ginger Beer 1.5L
Ginger Beer, Diet x6 330ml
Belvoir Pink Lady Apple Presse 750ml
Ribena Blackcurrant Squash 850ml
Robinsons Orange Squash No Added Sugar 1L
Robinsons Apple & Blackcurrant Squash No Added Sugar 1L
Robinsons Summer Fruits Squash No Added Sugar 1L
Robinsons Lemon Squash No Added Sugar 1L
Robinsons Orange & Pineapple Squash No Added Sugar 1L
Highland Spring Still Water 1.5L
Volvic Touch of Fruit Sugar Free Lemon & Lime Flavoured Water 1.5L
Evian Natural Mineral Water 6x500ml
San Pellegrino Sparkling Natural Mineral Water 1L
Highland Spring Sparkling Water 1.5L
Oreo Original Sandwich Biscuits 154g
McVitie's Penguin Biscuits x8 197g
Highland All Butter Shortbread Finger Biscuits 200g
Bourbon Cream Biscuits 200g
McVitie's Digestive Biscuits 400g
McVitie's Dark Chocolate Digestive Biscuits 266g
McVitie's Milk Chocolate Digestives Biscuits 266g
Maryland Chocolate Chip Cookies 230g
McVitie's Jaffa Cakes x10 122g
Cadbury Milk Chocolate Biscuit Fingers 138g
Bahlsen Choco Leibniz Biscuits, Dark Chocolate 125g
Nairn's Dark Chocolate Chip Oat Biscuit 200g
Mikado Milk Chocolate Biscuits 75g
Dark Chocolate & Ginger Cookies, Taste the Difference 200g
Chocolate Chunk & Hazelnut Cookies, Taste the Difference 200g
All Butter Sultana Cookies, Taste the Difference 200g
McVitie's Dark Chocolate Digestive Thins Biscuits 180g
Belvita Breakfast Biscuits Bars Honey & Nuts 5x45g
Go Ahead! Yogurt Breaks Forest Fruit Bars 5x35.5g
Go Ahead! Fruit Bakes Apple Bars x6 210g
Kellogg's Coco Pops Bars 6x20g
Kellogg's Rice Krispies Squares Totally Chocolate x4
McCoy's Flame Grilled Steak Crisps 47.5g
Hula Hoops Big Hoops Original Potato Rings 50g
Pringles Original 40g
KP Nik Naks Nice 'N' Spicy Snack 50g
Pringles Sour Cream & Onion 40g
Walkers Max Crisps Paprika 50g
Kettle Chips Sea Salt & Balsamic Vinegar 40g
Doritos Cool Original Tortilla Chip Crisps 55g
Popchips Barbeque Potato Chip Crisps 23g
Tyrrells Mixed Root Vegetable Crisps 40g
Doritos Chilli Heatwave Tortilla Chip Crisps 55g
Sunbites Sweet Chilli Multigrain Snacks 28g
Tyrrells Sweet Chilli & Red Pepper Crisps 40g
Walkers Ready Salted Crisps 32.5g
Walkers Cheese & Onion Crisps 32.5g
Walkers Salt & Vinegar Crisps 32.5g
Walkers Roast Chicken Crisps 32.5g
Doritos Tangy Cheese Tortilla Chip Crisps 55g
Pringles Original Crisps 200g
Pringles Sour Cream & Onion Crisps 200g
Nakd Blueberry Muffin Fruit & Nut Bars 4 x 35g
4 Triple Chocolate Muffins 276g
Tyrrells Popcorn Salted 70g
Propercorn Sweet & Salty Popcorn 90g
Propercorn Peanut Butter & Almond Popcorn 90g
Jacob's Cream Crackers 300g
Ritz Original Crackers 200g
Carr's Water Biscuits 125g
Tuc Crackers 150g
Jacob's Savours Salt & Black Pepper Crackers 200g
Ryvita Thins Rosemary & Salt 125g
Ryvita Thins Multi Seed 125g
Krisprolls Wholegrain 225g
Swan Filter Tips, Extra Slim x120
Poppell Electronic Lighter
Swan Vesta Matches
Benson & Hedges Blue Superkings x20
Dunhill International 94mm x20
Rothmans Blue Superkings x20
Silk Cut x20
Silk Cut Purple King Size x20
Chesterfield Green Superkings x20
Marlboro Gold King Size 5x20
Sterling Blue Superkings x20
Consulate King Size Green x20
Sovereign Blue Superkings x20
Rizla Blue x50
Rizla Silver Slim King Size x32
Golden Virginia Tobacco 50g.
Amber Leaf Tobacco 50g
JUULpods 4 Glacier Mint
JUULpods 4 Golden Tobacco
JUUL Starter Kit
JUULpods 4 Mango Nectar
Ten Motives Electronic Cigarette Refills x4
Ten Motives Electronic Cigarette Menthol Refill x4
Ten Motives Electronic Cigarette
Ten Motives Electronic Cigarette Menthol
Blu E-liquid Menthol
Blu E-liquid Tobacco
Aussie Miracle Moist Conditioner 250ml
TRESemmé Moisture Rich, Luxurious Moisture Hair Conditioner 900ml
Nivea Anti-Perspirant Deodorant Spray Pearl & Beauty 48 Hours Deo 250ml
Sanex Dermo Sensitive Roll-On Anti-Perspirant Deodorant 50ml
Dove Invisible Dry Roll-On Anti-Perspirant Deodorant 50ml
Dove Original Roll-On Anti-Perspirant Deodorant 50ml
Dove Anti-Perspirant Deodorant Stick, Invisible Dry 40ml
Sure Women Invisible Pure Aerosol Anti Perspirant Deodorant 250ml
Sure Women Crystal Invisible Roll-On Anti-Perspirant Deodorant, Clear Aqua 50ml
Nivea Men Anti-Perspirant Deodorant Spray Cool Kick 48 Hours Deo 250ml
Right Guard Total Defence 5, Anti-Perspirant Deodorant, Sport 250ml
Right Guard Total Defence 5, Anti-Perspirant Deodorant, Clean 250ml
Sure Men Roll On Anti-Perspirant Deodorant, Original Dry 50ml
Nivea Men Anti-Perspirant Deodorant Spray Black & White Original 48 Hours Deo 250ml
Dove Men Clean Comfort Anti-Perspirant Deodorant Aerosol 250ml
Sanex Men Active Control Roll-On Anti-Perspirant Deodorant 50ml
L'Oreal Elnett Infinite Shine Hairspray 75ml Paris Collection
VO5 Matt Rework Paste 75ml
Extra Firm Gel 300ml
L'Oreal Elnett Extra Strength Hairspray 400ml
Carex Advanced Protect Moisturising Antibacterial Hand Wash 500ml
Colgate Advanced White Whitening Toothpaste 125ml
OraCare+ Kids Fruity Berry Fluoride Toothpaste 75ml
Colgate Total Original Care Toothpaste 125ml
Colgate Cavity Protection Toothpaste 75ml
Oral-B Pro Expert Professional Protection Clean Mint Toothpaste 75ml
Colgate Kids Toothbrush, Soft 0-3 Years
Oral-B 123 Indicator Medium Manual Toothbrush
OraCare+ Complete Care Medium Toothbrush x2
Colgate Plax Cool Mint Mouthwash 500ml
L'Oreal Elvive Colour Protect Coloured Hair Shampoo 400ml
Head & Shoulders Classic Clean Anti-Dandruff Shampoo 500ml
Herbal Essences Dazzling Shine Shampoo 400ml
TRESemmé Moisture Rich, Luxurious Moisture Hair Shampoo 900ml
Aussie Miracle Moist Shampoo 300ml
Herbal Essences Hello Hydration Shampoo 400ml
Head & Shoulders Classic Clean Anti-Dandruff 2 in 1 Shampoo 450ml
L'Oréal Kids Extra Gentle 2-in-1 Very Berry Strawberry Shampoo 250ml
Johnson's Baby Gold Shampoo 500ml
Sanex Dermo Moisturising Shower Gel 500ml
Sanex Dermo Hypo-Allergenic Shower Gel 500ml
The Collection Coconut Bodywash 250ml
The Collection Lemon Bodywash 250ml
Radox Feel Awake for Men 2in1 Shower Gel 250ml
Radox Feel Refreshed 2in1 Shower Gel 250ml
Original Source Mint & Tea Tree Shower 250ml
Cosmetic Cotton Wool Pads x100
Simple Kind To Skin Cleansing Facial Wipes x25
Nivea Lip Balm, Original Care 4.8g
Simple Kind To Skin Refreshing Facial Wash Gel 150ml
E45 Moisturising Lotion 500ml
Aveeno Daily Moisturising Lotion 300ml
Aveeno Intensive Relief Hand Cream 75ml
Nivea Creme All Purpose Body Cream for face, hands and body 200ml
Vaseline Hand Cream, Healthy Hands + Stronger Nails 75ml
Nivea Sun Suncream Spray SPF 30 Protect & Moisture 200ml
Nivea Sun Suncream Spray SPF 15, Protect & Moisture 200ml
Nivea Sun Suncream Spray SPF50+ Protect & Moisture 200ml
Kopparberg Rhubarb Cider 500ml
Bulmers Crushed Red Berries & Lime Cider Bottle 500ml
Rioja Reserva, Taste the Difference 75cl
Warburtons Sliced White Rolls x12
White Jumbo Hot Dog Rolls x6
Thick Sliced Wholemeal Bread, SO Organic 800g
Milkybar White Chocolate Bar Multipack x4 25g
Maltesers Fairtrade Chocolate Fun Size 195g
Knorr Vegetable Stock Cubes 20x10g
Twinings Pure Camomile x20 Tea Bags 30g
Max Factor Colour Elixir Lipstick 105 Raisen 23g
Always Discreet Incontinence Pads+ Long Plus For Sensitive Bladder x8
British Mashed Potato Side 800g (Serves 4)
Nature Valley Crunchy Canadian Maple Syrup Granola Bars 5x42g
Sunny Raisin 6x42.5g
Sony Mdrex310 Headphones Black
Belkin Lightning Cable 3m White
Clik 3.5Mm Audio Auxiliary Cable
Fairy Platinum Lemon Washing Up Liquid 383ml
Spanish Chorizo Iberico Bellota, Taste the Difference 40g
20% Fat Beef Mince 800g
Candia Just Milk Skimmed Long Life Milk 1L
Candia Just Milk Semi Skimmed Long Life Milk 1L
Moo Long Life Organic Milk, Whole 1L
Alpro Barista Soya U.H.T. 1L
Vet's Kitchen Senior 7+ Years Salmon & Brown Rice 3kg
Misfits Twistos Dog Treats with Beef 105g
Antacid Peppermint Tablets x48
Dettol Antiseptic Liquid 500ml
Durex Pleasure Me Condoms x20
Sausages and Mash, Taste the Difference 400g
Chicago Town Takeaway Large Stuffed Cheese Pizza 630g
Chicken & Bacon Pasta 750g
Coca-Cola Zero Sugar 6 x 200ml
Diet Coke Minis 6x200ml
Evian Natural Mineral Water 500ml
Custard Doughnuts 2x76g
Marlboro Gold Touch x20
Mayfair Sky Blue Superkings x20
L&b Blue Bright Blue King Size x20
L'Oreal Elnett Normal Strength Hairspray 75ml
OraCare Freshmint Fluoride Toothpaste 75ml
Aquafresh Milk Teeth 0-2 Years Kids Soft Toothbrush x1
Taylors of Harrogate Rich Italian Coffee Beans 227g
Taylors of Harrogate Cacao Superior Colombia Coffee Beans 227g
Taylors of Harrogate Praline Especial Brazil Coffee Beans 227g
After Dinner Fairtrade Wholebean Coffee 227g
Heineken 0.0 Alcohol Free Lager Beer Cans 6 x 330ml
Kopparberg Strawberry & Lime Cider 500ml
Bulmers Crushed Red Berries & Lime Cider Bottles 6 x 500ml
Vinedos Barrihuelo Rioja Crianza, Taste the Difference 75cl
Pampers Baby-Dry Size 8, 17+kg, 52 Nappies
White Rolls x6
White Finger Rolls x6
Medium Sliced Wholemeal Bread 800g
Giraffe Bread (Tiger) 400g
Giraffe Baguette (Tiger) 400g
Maltesers Fairtrade Chocolate Pouch 93g
Napolina 50/50 Spaghetti 500g
Knorr Stock Cubes Vegetable 8x10g
Infusions Camomile Tea Bags x20
Nivea Eye Make-Up Remover Double Effect 125ml
Always Discreet Underwear Incontinence Pants Plus L x8
Mashed Potato 700g
Granola Bars Maple Syrup 4x42g
Sunny Raisin 14x14g
Rich Vegan Deli-Style Coleslaw 300g
Belkin 1M High Speed With Ethernet Hdmi
JBL Tune Headphones Black 110BT
Belkin Flat White Lightning 1.2m White
Belkin Black Micro USB 1.2m
Belkin Premium Braided Micro USB Cable Grey
Belkin 1M Portable Audio Cable
Fairy Original Washing Up Liquid Lemon 433ml
Spanish Iberico Bellota Tapas Selection, Taste the Difference 90g
Oak Smoked Chargrilled Mini British Chicken Fillets 120g
Beef Mince 20% Fat 500g
Skimmed Long Life Milk 1L
Semi Skimmed Long Life Milk 1L
Whole Long Life Milk 1L
Vet's Kitchen Senior Dry Dog Food, Salmon & Rice 1.3kg
Dog Biscuit Rolls with Beef 550g
Antacid Tablets, Blackcurrant, Orange, Lemon & Cherry x48
TCP Antiseptic Liquid 200ml
Durex Pleasure Me Condoms x20
Durex Intense Ribbed and Dotted  Condoms x6
Bisto Bangers & Mash 375g
Goodfella's Deep Pan Baked Loaded Cheese Pizza 417g
Chicken & Bacon Pasta 400g (Serves 1)
Coca-cola 150ml
Coca-Cola Zero Sugar 150ml
Diet Coke 150ml
Evian Natural Mineral Water 1L
Triple Belgian Chocolate Cookies Taste Difference x4
Doughnuts Sugar Ring x5
Chocolate Chunk Muffins x4 276g
Tyrrells Popcorn Sweet & Salty 80g
Marlboro Gold King Size x20
Mayfair White King Size x20
Lambert & Butler Green Glide x20
Calvin Klein Eternity for Men Eau de Toilette Spray 30ml
Azzaro Eau de Toilette Spray 100ml
Boss Orange Man Eau de Toilette Natural Spray 60ml
Elizabeth Arden 5th Avenue Eau de Parfum Spray 125ml
Calvin Klein Eternity Eau de Parfum Spray 30ml
Dolce & Gabbana Light Blue Eau de Toilette 50ml
L'OR Nespresso Compatible Espresso Lungo Profondo x10 Aluminium Coffee Capsules Intensity 8
Coca-Cola Original Taste 6x330ml
Propercorn Sweet & Salty Popcorn 90g